pincode,area_name,micro_market,taluk,district,planning_authority,approval_body,typical_khata,zone_type,primary_economic_driver,metro_status,strr_proximity,re_typology,investment_tier,water_risk_level,apt_psf_min,apt_psf_max,land_cr_per_acre_min,land_cr_per_acre_max,notes
560001,MG Road / CBD / Vidhana Soudha,CBD,Bangalore South,Bengaluru Urban,BBMP,BBMP,A-Khata,Urban_Core_High_Value,Government / Commercial / Heritage,Operational,25km+,Ultra-Luxury Boutique / Grade A Commercial,Tier2_Stable,High,18000,30000,0,0,Historic core; scarcity value; no greenfield opportunity; Purple+Green lines operational
560002,Shivajinagar / City Railway Station,CBD North,Bangalore North,Bengaluru Urban,BBMP,BBMP,A-Khata,Urban_Core,Commercial / Transit Hub,Operational,25km+,Commercial / Redevelopment Boutique,Tier2_Stable,High,12000,18000,0,0,Major transit node; Purple Line; limited residential
560003,Rajajinagar,West Bangalore,Bangalore North,Bengaluru Urban,BBMP,BBMP,A-Khata,Urban_Core,Traditional Commerce / Residential,Operational,25km+,Premium Mid-Rise / Boutique,Tier2_Stable,High,8000,12000,0,0,Mature established; BDA planned layout; Purple Line
560004,Malleswaram,North Bangalore Inner,Bangalore North,Bengaluru Urban,BBMP,BBMP,A-Khata,Urban_Core_High_Value,Heritage Residential / Retail / Educational,Operational,25km+,Premium Boutique / Redevelopment,Tier2_Stable,High,9000,14000,0,0,High demand very low supply; old money enclave; Green Line operational
560005,Basavanagudi,South Bangalore Core,Bangalore South,Bengaluru Urban,BBMP,BBMP,A-Khata,Urban_Core,Heritage / Educational / Residential,Operational,25km+,Premium Boutique / Independent Houses,Tier2_Stable,High,8000,13000,0,0,Traditional South Bangalore; cultural anchor; Yellow Line partial
560006,Jayanagar,South Bangalore Core,Bangalore South,Bengaluru Urban,BBMP,BBMP,A-Khata,Urban_Core_High_Value,End-user Residential / Retail,Operational,25km+,Premium Mid-Rise / Independent Houses,Tier2_Stable,High,9000,14000,0,0,Most livable locality in Bangalore; BDA planned; Yellow Line operational
560007,Richmond Town / Langford Town,CBD South,Bangalore South,Bengaluru Urban,BBMP,BBMP,A-Khata,Urban_Core_Apex,Ultra-HNI / Expat / Institutional,Operational,25km+,Ultra-Luxury Boutique Apartments,Tier2_Stable,High,15000,25000,0,0,Expat and embassy belt; ultra-low supply; Purple Line
560008,Ulsoor / Halasuru,East Inner,Bangalore East,Bengaluru Urban,BBMP,BBMP,A-Khata,Urban_Core,Residential / Defense / Commercial,Phase_2A,25km+,Premium / Boutique Redevelopment,Tier2_Stable,High,10000,15000,0,0,Adjacent MG Road; Ulsoor Lake premium potential; Phase 2A upcoming
560009,Yelahanka Old Town,Yelahanka Corridor,Yelahanka,Bengaluru Urban,BBMP,BBMP,A-Khata,Peri_Urban_High_Value,Airport Proximity / Residential,Phase_2B,8-12km,Premium Mid-Rise / Villas / Plots,Tier1_High_Growth,Medium,6000,9500,1.5,3.0,Old town adjacent BDA zone; strong appreciation; airport 25km
560010,Vijayanagar West,West Bangalore,Bangalore South,Bengaluru Urban,BBMP,BBMP,A-Khata,Urban_Core,Residential / Traditional Commerce,Operational,25km+,Mid-Rise / Independent Houses,Tier2_Stable,High,7000,10500,0,0,Mature working + middle class; Purple Line; limited growth
560011,Rajajinagar New Extension,West Bangalore,Bangalore North,Bengaluru Urban,BBMP,BBMP,A-Khata,Urban_Core,Traditional Residential,Operational,25km+,Premium Mid-Rise,Tier2_Stable,High,8000,11000,0,0,Strong end-user demand; Cauvery coverage; Purple Line
560012,Yeshwanthpur,North Bangalore,Bangalore North,Bengaluru Urban,BBMP,BBMP,A-Khata,Urban_Core,Industrial / Commercial / Residential,Operational,25km+,Mid-Rise / Commercial,Tier2_Stable,Medium,6500,9500,0,0,Green Line junction Tumkur Road; transitioning industrial to residential
560013,Laggere,North Bangalore,Bangalore North,Bengaluru Urban,BBMP,BBMP,A-Khata,Urban_Core,Industrial / Affordable Residential,Planned,25km+,Affordable Mid-Rise / Industrial Mixed,Tier3_Slow,Medium,4500,7000,0,0,Industrial zone transitioning slowly; limited residential premium
560014,Mathikere,North Bangalore,Bangalore North,Bengaluru Urban,BBMP,BBMP,A-Khata,Urban_Core,Residential / Educational,Planned,25km+,Mid-Rise Apartments,Tier2_Stable,Medium,6500,9500,0,0,MSRIT corridor; education hub; improving infrastructure
560015,Hebbal,North Bangalore Luxury,Bangalore North,Bengaluru Urban,BBMP,BBMP,A-Khata,Urban_Core_High_Value,Airport Access / IT / Luxury Residential,Phase_2B,12-18km,Ultra-Luxury High-Rise / Grade A Commercial,Tier1_Premium,High,12000,20000,0,0,22% of Bangalore luxury sales FY25; CXO-founder belt; INR 10cr+ segment epicentre
560016,Sadashivanagar / Palace Orchards,North Bangalore Ultra,Bangalore North,Bengaluru Urban,BBMP,BBMP,A-Khata,Urban_Core_Apex,Ultra-HNI / Diplomatic / Political,Operational,25km+,Ultra-Luxury Bungalows / Boutique Apartments,Tier2_Stable,High,20000,40000,0,0,Highest land value North Bangalore; Raj Bhavan adjacent; old money families
560017,Chamrajpet,South Bangalore,Bangalore South,Bengaluru Urban,BBMP,BBMP,A-Khata,Urban_Core,Traditional Commerce / Residential,Operational,25km+,Mid-Rise / Commercial,Tier3_Slow,High,6000,8500,0,0,Textile and trade community; limited residential growth; Purple Line
560018,Gandhinagar / Wholesale Market,CBD West,Bangalore South,Bengaluru Urban,BBMP,BBMP,A-Khata,Urban_Core,Commercial / Wholesale Trade,Operational,25km+,Commercial Redevelopment,Tier3_Slow,High,0,0,0,0,Predominantly commercial; wholesale district; minimal residential
560019,Seshadripuram,North Bangalore,Bangalore North,Bengaluru Urban,BBMP,BBMP,A-Khata,Urban_Core,Educational / Residential,Operational,25km+,Premium Boutique / Mid-Rise,Tier2_Stable,High,8500,12500,0,0,Educational institutions drive demand; stable HNI enclave; Green Line
560020,Cubbon Park / MG Road area,CBD,Bangalore South,Bengaluru Urban,BBMP,BBMP,A-Khata,Urban_Core_Apex,Government / Institutional,Operational,25km+,Grade A Commercial Only,Tier2_Stable,High,0,0,0,0,Government zone; no residential development; Purple+Green hub
560021,Shivajinagar / Russell Market,North Bangalore,Bangalore North,Bengaluru Urban,BBMP,BBMP,A-Khata,Urban_Core,Commercial / Transit,Operational,25km+,Commercial / Mid-Rise Redevelopment,Tier2_Stable,High,8000,12000,0,0,Transit hub; Russell Market commercial dominant; Purple Line
560022,Vasanthnagar,North Bangalore Premium,Bangalore North,Bengaluru Urban,BBMP,BBMP,A-Khata,Urban_Core_High_Value,Ultra-HNI Luxury Residential,Operational,25km+,Luxury / Ultra-Luxury Apartments,Tier2_Stable,High,14000,22000,0,0,Elite enclave; Palace Grounds proximity; very low supply
560023,Cottonpet,South Bangalore,Bangalore South,Bengaluru Urban,BBMP,BBMP,A-Khata,Urban_Core,Wholesale / Commercial,Operational,25km+,Commercial Only,Tier3_Slow,High,0,0,0,0,Purely commercial; hardware and wholesale district
560024,Dollars Colony / Hebbal North,North Bangalore Luxury,Bangalore North,Bengaluru Urban,BBMP,BBMP,A-Khata,Urban_Core_High_Value,IT Corridor / Airport / Luxury Residential,Phase_2B,12-18km,Ultra-Luxury High-Rise / Branded Villas,Tier1_Premium,High,14000,22000,0,0,Fastest appreciating luxury zone; startup founder enclave; airport access
560025,Vijayanagar South,West Bangalore,Bangalore South,Bengaluru Urban,BBMP,BBMP,A-Khata,Urban_Core,Residential,Operational,25km+,Mid-Rise,Tier3_Slow,High,6500,9000,0,0,Mature residential; limited growth; Purple Line
560026,Mysore Road / Kengeri approach,South-West Bangalore,Bangalore South,Bengaluru Urban,BBMP,BBMP,A-Khata,Urban_Peri_Transition,Industrial / Affordable Residential,Operational,25km+,Affordable Mid-Rise / Industrial Mixed,Tier2_Improving,Medium,3500,6000,0,0,PRR integration will accelerate growth; Purple Line Kengeri terminal nearby
560027,Kengeri,South Bangalore Periphery,Bangalore South,Bengaluru Urban,BDA,BBMP,A-Khata,Peri_Urban_Transition,Affordable Residential / IT Spillover,Operational,25km+,Affordable Apartments / BDA Layouts,Tier2_Improving,Medium,3800,6500,0,0,Metro Purple Line terminal drives demand; affordable entry; PRR impact incoming
560028,Banashankari / JP Nagar Phase 1,South Bangalore,Bangalore South,Bengaluru Urban,BBMP,BBMP,A-Khata,Urban_Core,End-user Residential,Operational,25km+,Premium Mid-Rise / Villas,Tier2_Stable,High,7000,11000,0,0,BDA planned layout; high livability; strong end-user; Yellow Line
560029,Hanumanthanagar,South Bangalore,Bangalore South,Bengaluru Urban,BBMP,BBMP,A-Khata,Urban_Core,Residential,Operational,25km+,Mid-Rise,Tier3_Slow,High,6000,8500,0,0,Mature locality; stable demand; limited appreciation
560030,Jayanagar 4th Block / JP Nagar Phase 2,South Bangalore Premium,Bangalore South,Bengaluru Urban,BBMP,BBMP,A-Khata,Urban_Core_High_Value,Premium Residential / Retail,Operational,25km+,Premium Apartments / Independent Houses,Tier2_Stable,High,9000,14000,0,0,Among Bangalore's most sought-after addresses; Yellow Line operational
560031,Lalbagh / Gandhi Bazaar,South Bangalore Core,Bangalore South,Bengaluru Urban,BBMP,BBMP,A-Khata,Urban_Core,Heritage Residential,Operational,25km+,Premium Boutique,Tier2_Stable,High,8000,12000,0,0,Lalbagh corridor premium; stable heritage value; Yellow Line
560032,Wilson Garden,South Bangalore,Bangalore South,Bengaluru Urban,BBMP,BBMP,A-Khata,Urban_Core,Residential,Operational,25km+,Mid-Premium Rise,Tier2_Stable,High,7500,11000,0,0,Established upper-middle class locality; Yellow Line nearby
560033,Benson Town / Cox Town,East Inner,Bangalore East,Bengaluru Urban,BBMP,BBMP,A-Khata,Urban_Core_High_Value,Heritage / Expat / Institutional Residential,Operational,25km+,Premium Boutique / Redevelopment,Tier2_Stable,High,9000,14000,0,0,Colonial heritage; expat and Christian institutional demand; Purple Line nearby
560034,Koramangala,East Bangalore Luxury Hub,Bangalore South,Bengaluru Urban,BBMP,BBMP,A-Khata,Urban_Core_High_Value,Startup Ecosystem / F&B / Luxury Residential,Operational,25km+,Ultra-Luxury / Boutique / Grade A Commercial,Tier1_Premium,High,13000,22000,0,0,India startup epicentre; highest F&B density; Green Line nearby; no greenfield land
560035,Sarjapur Road / Bellandur,East Bangalore Tech,Bangalore East,Bengaluru Urban,BBMP,BBMP,A-Khata,Peri_Urban_High_Value,IT / GCC / Luxury Residential,Phase_2A,20-25km,Premium High-Rise / Grade A Office,Tier1_High_Growth,Very_High,8500,14000,0,0,Highest IT employee concentration; acute water crisis; Phase 2A Metro transformational
560036,Cunningham Road / Palace Area,North Bangalore Ultra,Bangalore North,Bengaluru Urban,BBMP,BBMP,A-Khata,Urban_Core_Apex,Ultra-HNI Residential,Operational,25km+,Ultra-Luxury / Boutique,Tier2_Stable,High,18000,35000,0,0,Palace Grounds adjacent; ultra-exclusive enclave; Green Line
560037,Frazer Town / Pulikeshinagar,East Inner,Bangalore East,Bengaluru Urban,BBMP,BBMP,A-Khata,Urban_Core,Mixed-Community Heritage Residential,Operational,25km+,Premium Boutique / Mid-Rise,Tier2_Stable,High,9000,13000,0,0,Stable heritage demand; Purple Line nearby; limited new supply
560038,Indiranagar / Defence Colony,East Bangalore Luxury,Bangalore East,Bengaluru Urban,BBMP,BBMP,A-Khata,Urban_Core_High_Value,Luxury Residential / Retail / F&B,Phase_2A,25km+,Ultra-Luxury / Grade A Retail,Tier1_Premium,High,13000,22000,0,0,Most desired East Bangalore address; 100 Feet Road effect; Blue Line Phase 2A
560039,Ejipura / ISRO Layout,East Bangalore,Bangalore East,Bengaluru Urban,BBMP,BBMP,A-Khata,Urban_Core,IT / Residential,Operational,25km+,Premium Mid-Rise,Tier2_Stable,High,8000,12000,0,0,ISRO campus institutional demand; Green Line nearby
560040,HAL / Murugeshpalya,East Bangalore,Bangalore East,Bengaluru Urban,BBMP,BBMP,A-Khata,Urban_Core,Defense / HAL / IT Residential,Phase_2A,25km+,Premium Apartments / Commercial,Tier2_Stable,High,9000,14000,0,0,HAL township; defense colony premium; Blue Line Phase 2A
560041,Domlur / Embassy Golf Links,East Bangalore Premium,Bangalore East,Bengaluru Urban,BBMP,BBMP,A-Khata,Urban_Core_High_Value,IT / Luxury Residential / Commercial,Phase_2A,25km+,Luxury Apartments / Grade A Office,Tier1_Premium,High,12000,18000,0,0,Embassy Golf Links drives ultra-premium; Blue Line Phase 2A
560042,Shivajinagar alternate PO,North Bangalore,Bangalore North,Bengaluru Urban,BBMP,BBMP,A-Khata,Urban_Core,Commercial / Transit,Operational,25km+,Commercial,Tier3_Slow,High,0,0,0,0,Primarily commercial PO; no residential play
560043,Rajajinagar Industrial area,West Bangalore,Bangalore North,Bengaluru Urban,BBMP,BBMP,A-Khata,Urban_Core,Industrial / Mid Residential,Operational,25km+,Mid-Rise,Tier3_Slow,High,6000,9000,0,0,Industrial transition zone; Purple Line
560044,Jalahalli / Peenya partial,North Bangalore,Bangalore North,Bengaluru Urban,BBMP,BBMP,A-Khata,Urban_Core,Defense / Industrial / Residential,Planned,25km+,Mid-Rise / Affordable Apartments,Tier2_Improving,Medium,5000,7500,0,0,Defense BHEL proximity; improving with Metro Green Line
560045,RT Nagar / HBR Layout partial,North Bangalore,Bangalore North,Bengaluru Urban,BBMP,BBMP,A-Khata,Urban_Core,Residential,Planned,25km+,Mid-Rise,Tier2_Stable,Medium,6000,9000,0,0,Working professional residential; improving with Metro
560046,Banaswadi,East Bangalore,Bangalore East,Bengaluru Urban,BBMP,BBMP,A-Khata,Urban_Core,IT Corridor Residential,Phase_2A,20-25km,Premium Mid-Rise,Tier2_Improving,Medium_High,7000,10500,0,0,ORR access; Phase 2A Metro upcoming; appreciation expected; Blue Line
560047,CV Raman Nagar / Byappanahalli,East Bangalore,Bangalore East,Bengaluru Urban,BBMP,BBMP,A-Khata,Urban_Core,Defense / Residential / Transit,Operational,20-25km,Mid-Premium Rise,Tier2_Stable,Medium_High,7000,10000,0,0,Blue Line terminal; defense zone; KR Puram access
560048,Marathahalli / Kadubeesanahalli,East Bangalore Tech,Bangalore East,Bengaluru Urban,BBMP,BBMP,A-Khata,Peri_Urban_High_Value,IT / GCC / Residential,Phase_2A,20-25km,Premium High-Rise / Commercial,Tier1_High_Growth,Very_High,8000,13000,0,0,ORR tech hub; Embassy Tech Village; Bellandur adjacent; acute water crisis
560049,Kammanahalli / St Thomas Town,East Bangalore,Bangalore East,Bengaluru Urban,BBMP,BBMP,A-Khata,Urban_Core,Residential / Christian Institutional,Operational,25km+,Mid-Rise / Boutique,Tier2_Stable,Medium_High,7000,10000,0,0,Established locality; Blue Line nearby; stable demand
560050,Kaggadasapura / DRDO Township,East Bangalore,Bangalore East,Bengaluru Urban,BBMP,BBMP,A-Khata,Urban_Core,Defense / Government Residential,Operational,25km+,Mid-Rise,Tier2_Stable,Medium_High,6500,9500,0,0,DRDO and HAL township residents; Blue Line nearby; stable demand
560051,RMV Extension / Dollar's Layout,North Bangalore Premium,Bangalore North,Bengaluru Urban,BBMP,BBMP,A-Khata,Urban_Core_High_Value,Premium Residential / HNI,Operational,25km+,Premium Boutique / Villas,Tier2_Stable,High,9000,14000,0,0,Old-money premium enclave; Green Line; very limited new supply
560052,Devasandra / KR Puram partial,East Bangalore,Bangalore East,Bengaluru Urban,BBMP,BBMP,A-Khata,Urban_Core,Residential / IT Spillover,Phase_2A,20-25km,Affordable Mid-Rise,Tier2_Improving,Medium_High,5500,8000,0,0,KR Puram spillover; Metro improving this zone; Blue Line
560053,Nagarbhavi / Nagarabhavi,South-West Bangalore,Bangalore South,Bengaluru Urban,BBMP,BBMP,A-Khata,Urban_Core,Educational / Residential,Planned,25km+,Affordable Mid-Rise / Plotting,Tier2_Improving,Medium,4500,7000,0,0,Multiple universities; student and faculty demand; Purple Line extension planned
560054,Peenya / Mahalaxmi Layout,North Bangalore Industrial,Bangalore North,Bengaluru Urban,BBMP,BBMP,A-Khata,Urban_Industrial,Manufacturing / Industrial / Logistics,Operational,25km+,Industrial / Warehousing / Affordable Residential,Tier2_Industrial,Medium,3500,5500,0,0,Peenya SIDCO industrial estate; Green Line operational; transitioning slowly
560055,Rajajinagar Industrial / Chandra Layout,West Bangalore,Bangalore North,Bengaluru Urban,BBMP,BBMP,A-Khata,Urban_Core,Industrial / Residential,Operational,25km+,Industrial Redevelopment / Mid-Rise,Tier3_Slow,High,5500,8000,0,0,Aging industrial zone; slow residential transition; Purple Line
560056,Magadi Road / Kamakshipalya,South-West Bangalore,Bangalore South,Bengaluru Urban,BBMP,BBMP,A-Khata,Urban_Core,Affordable Residential,Operational,25km+,Affordable Mid-Rise,Tier3_Slow,High,4000,6000,0,0,Lower income belt; limited premium play; Purple Line nearby
560057,Nandini Layout,North Bangalore,Bangalore North,Bengaluru Urban,BBMP,BBMP,A-Khata,Urban_Core,Residential,Planned,25km+,Mid-Rise,Tier3_Slow,High,5500,8000,0,0,Working class locality; limited growth; Purple Line nearby
560058,Bommanahalli / Hongasandra,South Bangalore,Bangalore South,Bengaluru Urban,BBMP,BBMP,A-Khata,Peri_Urban_Transition,IT Spillover / Affordable,Operational,25km+,Affordable Mid-Rise / Apartments,Tier2_Improving,Medium_High,4500,7000,0,0,Electronic City spillover; improving; Green Line nearby
560059,Amrutahalli / Jakkur,Yelahanka Corridor,Yelahanka,Bengaluru Urban,BBMP,BBMP,A-Khata,Peri_Urban_High_Value,Airport Proximity / Residential,Phase_2B,10-15km,Premium Mid-Rise / Villas,Tier1_High_Growth,Medium,6500,10000,0,0,Airport road adjacency; Green Line Phase 2B; strong appreciation expected
560060,Anand Nagar / Hebbal West,North Bangalore,Bangalore North,Bengaluru Urban,BBMP,BBMP,A-Khata,Urban_Core,Residential,Phase_2B,15-20km,Mid-Rise,Tier2_Stable,Medium,6000,9000,0,0,Hebbal spillover residential; Green Line improving
560061,Vijayanagar / Srinagar,West Bangalore,Bangalore South,Bengaluru Urban,BBMP,BBMP,A-Khata,Urban_Core,Residential,Operational,25km+,Mid-Rise / Independent Houses,Tier3_Slow,High,6000,8500,0,0,Traditional West Bangalore; stable but slow appreciation; Purple Line
560062,Basaveshwara Nagar,North-West Bangalore,Bangalore North,Bengaluru Urban,BBMP,BBMP,A-Khata,Urban_Core,Premium Residential,Operational,25km+,Premium Mid-Rise / Boutique,Tier2_Stable,High,7500,11000,0,0,Premium BDA layout; Cauvery water coverage; Purple Line
560063,Nagasandra,North Bangalore,Bangalore North,Bengaluru Urban,BBMP,BBMP,A-Khata,Urban_Core,Residential,Operational,25km+,Affordable Mid-Rise,Tier2_Improving,Medium,5000,7500,0,0,Green Line terminal area; improving access
560064,Yelahanka New Town / Attur,Yelahanka Premium,Yelahanka,Bengaluru Urban,BDA,BBMP,A-Khata,Peri_Urban_High_Value,Airport Corridor / Premium Residential,Phase_2B,8-12km,Premium Apartments / Villas / Branded Plots,Tier1_High_Growth,Medium,7000,12000,2.0,4.5,BDA planned township; 69-133% appreciation FY21-26; NH-44 frontage; airport 22km
560065,Sanjay Nagar / MS Ramaiah area,North Bangalore,Bangalore North,Bengaluru Urban,BBMP,BBMP,A-Khata,Urban_Core,Educational / Medical / Residential,Operational,25km+,Premium Mid-Rise,Tier2_Stable,High,7500,11500,0,0,MS Ramaiah Medical cluster; stable institutional demand; Green Line
560066,Whitefield / ITPL / EPIP Zone,East Bangalore Tech Core,Bangalore East,Bengaluru Urban,BBMP,BBMP,A-Khata,Peri_Urban_High_Value,IT / GCC / MNC / Luxury Residential,Phase_2A,20-25km,Premium-Luxury High-Rise / Grade A Office,Tier1_Premium,Very_High,9000,15000,0,0,Largest IT cluster; 57% price rise over 5 years; acute water crisis; Phase 2A Metro critical
560067,Hoodi / Brookefields / Whitefield East,East Bangalore Tech,Bangalore East,Bengaluru Urban,BBMP,BBMP,A-Khata,Peri_Urban_High_Value,IT / Residential,Phase_2A,20-25km,Premium Apartments / Commercial,Tier1_High_Growth,Very_High,7500,12000,0,0,Whitefield overflow residential; strong rental demand; Phase 2A Metro
560068,Kodigehalli / Jakkur area,Yelahanka Corridor,Yelahanka,Bengaluru Urban,BBMP,BBMP,A-Khata,Peri_Urban_Transition,Residential / Airport Proximity,Phase_2B,8-12km,Mid-Premium Apartments,Tier1_High_Growth,Medium,6500,9500,0,0,Jakkur aerodrome zone; Green Line Phase 2B transformational
560069,JP Nagar / Bannerghatta Road,South Bangalore Premium,Bangalore South,Bengaluru Urban,BBMP,BBMP,A-Khata,Urban_Peri_Transition,Premium Residential / IT Corridor,Operational,25km+,Premium Villas / High-Rise,Tier1_High_Growth,High,8000,13000,0,0,JP Nagar premium belt; Metro Yellow Line operational; strong end-user demand
560070,DVG Road / Basavanagudi alternate,South Bangalore,Bangalore South,Bengaluru Urban,BBMP,BBMP,A-Khata,Urban_Core,Heritage Residential,Operational,25km+,Premium Boutique,Tier2_Stable,High,8000,12000,0,0,Heritage belt; very limited new supply; Yellow Line nearby
560071,Bannerghatta / Begur extended,South Bangalore Periphery,Bangalore South,Bengaluru Urban,BDA,BBMP,A-Khata,Peri_Urban_Transition,Residential / Forest Adjacent,Operational,25km+,Mid-Rise / Eco-Villas,Tier2_Improving,Medium_High,5500,8500,0,0,BNP buffer zone; eco-premium potential; Yellow Line nearby; green corridor premium
560072,Electronic City Phase 1 alternate,South-East Bangalore,Anekal,Bengaluru Urban,BDA / KIADB,BDA,A-Khata,Peri_Urban_Tech,IT / Manufacturing / Residential,Planned,25km+,Mid-Rise Tech Apartments / Industrial,Tier2_Stable,High,5500,8500,0,0,Infosys campus; established IT zone; affordable vs Whitefield; Yellow Line extension
560073,Konanakunte / Uttarahalli,South Bangalore,Bangalore South,Bengaluru Urban,BBMP,BBMP,A-Khata,Urban_Peri_Transition,Affordable Residential,Operational,25km+,Affordable Mid-Rise,Tier2_Improving,Medium_High,5000,7500,0,0,Metro Yellow Line improving corridor; Kanakapura Road spillover
560074,Kanakapura Road / Uttarahalli,South Bangalore Metro,Bangalore South,Bengaluru Urban,BBMP / BDA,BBMP,A-Khata,Peri_Urban_High_Value,Premium Residential / Metro Corridor,Operational,25km+,Premium Apartments / Villas / Plotting,Tier1_High_Growth,Medium,6500,10500,1.5,3.5,Yellow Line operational; 100% appreciation potential in 5 years; strong end-user; Total Environment active
560075,Judicial Layout / RR Nagar,South-West Bangalore,Bangalore South,Bengaluru Urban,BDA,BBMP,A-Khata,Peri_Urban_Transition,Affordable / Mid Residential,Operational,25km+,Mid-Rise / Plotting / BDA Layouts,Tier2_Stable,Medium,5500,8000,0,0,BDA planned; Mysore Road proximity; stable improving
560076,Vijayanagar alternate sub-PO,West Bangalore,Bangalore South,Bengaluru Urban,BBMP,BBMP,A-Khata,Urban_Core,Residential,Operational,25km+,Mid-Rise,Tier3_Slow,High,5500,8000,0,0,Mature; limited growth; Purple Line
560077,Hennur Road / HBR Layout extended,North Bangalore,Bangalore North,Bengaluru Urban,BBMP,BBMP,A-Khata,Peri_Urban_High_Value,IT Corridor / Premium Residential,Phase_2A,15-20km,Premium Mid-Rise / Villas,Tier1_High_Growth,Medium,7000,11000,0,0,69-133% price rise since FY21; airport road proximity; emerging luxury; Blue Line Phase 2A
560078,Lingarajapuram / KR Puram partial,East Bangalore,Bangalore East,Bengaluru Urban,BBMP,BBMP,A-Khata,Urban_Core,Affordable Residential,Operational,25km+,Affordable Mid-Rise,Tier2_Improving,Medium_High,5000,7500,0,0,KR Puram transition zone; Metro improving; Blue Line
560079,Shampura / Kalyan Nagar,East Bangalore,Bangalore East,Bengaluru Urban,BBMP,BBMP,A-Khata,Urban_Core,Affordable Residential,Operational,25km+,Affordable Mid-Rise,Tier2_Improving,Medium_High,4500,7000,0,0,Improving with Metro proximity; Blue Line nearby
560080,Nagawara / HBR Layout,North Bangalore,Bangalore North,Bengaluru Urban,BBMP,BBMP,A-Khata,Urban_Core,Residential / IT Spillover,Phase_2A,15-20km,Mid-Premium Apartments,Tier1_High_Growth,Medium,7000,10500,0,0,Airport road proximity; Phase 2A Metro transformational; Blue Line planned
560081,Thanisandra / Byrathi,North Bangalore,Bangalore North,Bengaluru Urban,BBMP,BBMP,A-Khata,Peri_Urban_High_Value,IT Corridor / Premium Residential,Phase_2B,10-15km,Premium Apartments / Villas,Tier1_High_Growth,Medium,8000,13000,0,0,133% price rise since FY21; INR 11000-13000 PSF; hottest northern corridor 2024-26
560082,Sahakara Nagar / Hebbal partial,North Bangalore,Bangalore North,Bengaluru Urban,BBMP,BBMP,A-Khata,Urban_Core,Residential / Commercial,Phase_2B,15-20km,Mid-Premium Apartments,Tier2_Stable,Medium,7000,10000,0,0,Established residential; airport road access; Green Line Phase 2B
560083,Ramamurthy Nagar,East Bangalore,Bangalore East,Bengaluru Urban,BBMP,BBMP,A-Khata,Urban_Core,Affordable Residential / Manufacturing,Operational,25km+,Affordable Mid-Rise,Tier2_Improving,Medium,4500,7000,0,0,Industrial-to-residential transition; improving slowly; Blue Line nearby
560084,KR Puram / Baiyappanahalli,East Bangalore Gateway,Bangalore East,Bengaluru Urban,BBMP,BBMP,A-Khata,Peri_Urban_Transition,IT Gateway / Residential / Industrial,Operational,20-25km,Affordable-Mid Rise / Commercial,Tier2_Improving,Medium_High,5000,7500,0,0,KR Puram Metro junction; gateway to Whitefield; underpriced vs potential; Blue Line
560085,BTM Layout / Madiwala,South Bangalore Tech,Bangalore South,Bengaluru Urban,BBMP,BBMP,A-Khata,Urban_Core_High_Value,IT Corridor / Young Professional Residential,Operational,25km+,Premium Mid-Rise / Co-Living / Co-Working,Tier1_Premium,High,8000,12500,0,0,India startup capital residential hub; highest co-living demand; 500+ startups; Green Line
560086,Gottigere / Hongasandra,South Bangalore,Bangalore South,Bengaluru Urban,BDA / GP,BBMP,A-Khata,Peri_Urban_Transition,Affordable Residential,Planned,25km+,Affordable Mid-Rise / Plotting,Tier2_Improving,Medium_High,4500,7000,0,0,Metro Yellow Line extending; improving rapidly; Electronic City proximity
560087,Hulimavu / Arekere,South Bangalore,Bangalore South,Bengaluru Urban,BBMP,BBMP,A-Khata,Peri_Urban_Transition,Affordable / Mid Residential,Planned,25km+,Affordable Mid-Rise,Tier2_Improving,Medium,4500,7000,0,0,Bannerghatta Road proximity; affordable entry; Yellow Line planned extension
560088,Begur Road / Hongasandra extended,South Bangalore,Bangalore South,Bengaluru Urban,BBMP / BDA,BBMP,A-Khata,Peri_Urban_Transition,Affordable Residential,Planned,25km+,Affordable Mid-Rise / Plotting,Tier2_Improving,Medium,4000,6500,0,0,Electronic City and Koramangala catchment; improving slowly
560089,Akshayanagar / Bilekahalli,South Bangalore,Bangalore South,Bengaluru Urban,BDA,BBMP,A-Khata,Peri_Urban_Transition,Affordable / Mid Residential,Planned,25km+,Affordable Mid-Rise / BDA Layouts,Tier2_Improving,Medium,4500,7000,0,0,BDA planned; Metro improving; Electronic City spillover
560090,Jigani,South-East Industrial,Anekal,Bengaluru Urban,KIADB,KIADB,Industrial_Licence,Industrial_Zone,Manufacturing / Auto / Light Industrial,None,25km+,Industrial Land / Warehousing,Tier2_Industrial,Medium,0,0,0,0,KIADB industrial estate; no residential play; auto and pharma manufacturing
560091,Bannerghatta forest fringe,South Bangalore Forest Buffer,Bangalore South,Bengaluru Urban,BDA / Forest Dept,BDA,Special_Permission,Forest_Buffer,Eco-Tourism / Forest Adjacent,None,25km+,Restricted / Eco-Resort Only,Tier3_Restricted,Low,0,0,0,0,Bannerghatta NP buffer; severe development restrictions; NGT enforcement
560092,Garvebhavi Palya / Electronics City adjacent,South-East Bangalore,Anekal,Bengaluru Urban,BBMP / BDA,BBMP,A-Khata,Peri_Urban_Transition,IT Spillover / Affordable,None,25km+,Affordable Apartments / Plotting,Tier2_Improving,High,4000,6500,0,0,Electronic City worker housing; improving slowly
560093,Mahadevapura / Whitefield partial,East Bangalore Tech,Bangalore East,Bengaluru Urban,BBMP,BBMP,A-Khata,Peri_Urban_High_Value,IT / GCC / MNC,Phase_2A,20-25km,Premium High-Rise / Commercial,Tier1_High_Growth,Very_High,8500,13000,0,0,ITPL and EPIP adjacent; massive GCC absorption; Phase 2A critical
560094,Virgonagar / Varthur partial,East Bangalore,Bangalore East,Bengaluru Urban,BBMP,BBMP,A-Khata,Peri_Urban_Transition,Affordable / IT Spillover,None,25km+,Affordable Mid-Rise,Tier2_Improving,High,4500,7000,0,0,Whitefield periphery; affordable entry; improving slowly; water risk
560095,Dooravaninagar / BEML Township,East Bangalore,Bangalore East,Bengaluru Urban,BBMP,BBMP,A-Khata,Peri_Urban_Transition,Defense / Government Residential,Operational,25km+,Mid-Rise / Defense Township,Tier2_Stable,Medium,5500,8000,0,0,BEML and defense employees; stable demand; Blue Line nearby
560096,Kasturinagar,East Bangalore,Bangalore East,Bengaluru Urban,BBMP,BBMP,A-Khata,Urban_Core,Residential / IT Spillover,Operational,25km+,Affordable Mid-Rise,Tier2_Improving,Medium_High,5500,8000,0,0,KR Puram corridor; affordable vs Whitefield; Blue Line improving
560097,Horamavu / Rachenahalli,North-East Bangalore,Bangalore East,Bengaluru Urban,BBMP,BBMP,A-Khata,Peri_Urban_Transition,Affordable / Mid Residential,Phase_2A,15-20km,Mid-Rise Apartments,Tier2_Improving,Medium,6000,9000,0,0,Airport road proximity; Phase 2A Blue Line will benefit; improving fast
560098,Ramamurthy Nagar extended / Banaswadi partial,East Bangalore,Bangalore East,Bengaluru Urban,BBMP,BBMP,A-Khata,Urban_Core,Affordable Residential,Operational,25km+,Affordable Mid-Rise,Tier2_Improving,Medium,4500,7000,0,0,Industrial zone proximity; slow improving; Blue Line nearby
560099,Electronic City Phase 2,South-East Bangalore,Anekal,Bengaluru Urban,BDA,BDA,A-Khata,Peri_Urban_Tech,IT / Manufacturing,Planned,25km+,Mid-Rise Tech Apartments,Tier2_Stable,High,5500,8500,0,0,Wipro and Infosys Phase 2; established IT residential; Yellow Line extension planned
560100,Electronic City Phase 1 / Neeladri Nagar,South-East Bangalore,Anekal,Bengaluru Urban,KIADB / BDA,BDA,A-Khata,Peri_Urban_Tech,IT Anchor / Manufacturing,Planned,25km+,Mid-Rise Tech Apartments,Tier2_Stable,High,5000,8000,0,0,Original Electronic City; Infosys HQ; Wipro; established affordable IT residential
560101,Marathahalli South,East Bangalore Tech,Bangalore East,Bengaluru Urban,BBMP,BBMP,A-Khata,Peri_Urban_High_Value,IT / GCC / Retail,Phase_2A,20-25km,Premium Apartments / Commercial,Tier1_High_Growth,Very_High,8000,13000,0,0,Embassy Tech Village adjacent; ORR commercial hub; Phase 2A Metro
560102,Varthur,East Bangalore Tech,Bangalore East,Bengaluru Urban,BBMP,BBMP,A-Khata,Peri_Urban_High_Value,IT / Residential,Phase_2A,20-25km,Premium Apartments / Plotting,Tier1_High_Growth,Very_High,7000,11000,0,0,Whitefield spillover; strong appreciation; Varthur lake proximity risk; Phase 2A
560103,Bellandur / Kadubeesanahalli,East Bangalore Tech Core,Bangalore East,Bengaluru Urban,BBMP,BBMP,A-Khata,Peri_Urban_High_Value,IT / GCC / Luxury Residential,Phase_2A,20-25km,Premium High-Rise / Grade A Commercial,Tier1_High_Growth,Very_High,9000,14000,0,0,Highest IT office density on ORR; Bagmane and RMZ concentration; acute water crisis
560104,HSR Layout,South Bangalore Premium,Bangalore South,Bengaluru Urban,BBMP,BBMP,A-Khata,Urban_Core_High_Value,Startup / IT Residential / Commercial,Operational,25km+,Premium Apartments / Villas / Co-Working,Tier1_Premium,High,10000,16000,0,0,Startup capital residential hub; 500+ startups; Green Line nearby; premium stable
560105,Bommasandra,South-East Industrial,Anekal,Bengaluru Urban,KIADB,KIADB,Industrial_Licence,Industrial_Zone,Auto Manufacturing / Light Industrial,None,25km+,Industrial Land / Warehousing,Tier2_Industrial,Medium,0,0,0,0,KIADB industrial; Bosch and Toyota supply chain; no residential play
560106,Kaggalipura,South Bangalore Rural Fringe,Bangalore South,Bengaluru Urban,Gram_Panchayat,GP,Revenue_Khata,Rural_Fringe,Agricultural / Speculative,None,25km+,Managed Farmlands / Eco-Resort / Speculative Plots,Tier3_Speculative,Low,0,0,0.4,1.2,GP jurisdiction; title risk; long-term land banking; Kanakapura corridor influence
560107,Attibele,South-East Periphery,Anekal,Bengaluru Urban,BMRDA / GP,GP,Revenue_Khata,Peri_Urban_Industrial,Manufacturing / Logistics,None,STRR_Phase2_Node,Warehousing / Industrial Land / Affordable Plots,Tier2_Industrial,Medium,0,0,0.5,1.5,STRR Phase 2 node; Tamil Nadu border; logistics gateway; title risk in GP parcels
560108,Kengeri Satellite Town,South Bangalore,Bangalore South,Bengaluru Urban,BDA,BBMP,A-Khata,Peri_Urban_Transition,Affordable Residential / Metro Terminal,Operational,25km+,Affordable Apartments / BDA Layouts,Tier2_Improving,Medium,4000,6500,0,0,Purple Line terminal; PRR impact incoming; Metro benefit for affordables
560109,Subramanyapura / Uttarahalli,South Bangalore,Bangalore South,Bengaluru Urban,BBMP,BBMP,A-Khata,Peri_Urban_Transition,Affordable / Mid Residential,Planned,25km+,Affordable Mid-Rise,Tier2_Improving,Medium,4500,7000,0,0,Kanakapura Road catchment; Yellow Line improving this corridor
562100,Doddaballapura Town,Doddaballapura Corridor,Doddaballapura,Bengaluru Rural,CMC / BMRDA,CMC,A-Khata_CMC,Peripheral_Urban,Apparel / Textile / Residential,None,STRR_Node,Affordable Plotting / Industrial / Managed Farmlands,Tier2_Improving,Low_Medium,0,0,1.0,1.71,STRR node; apparel SEZ; eco-resort potential; 1.0-1.71 Cr/acre; scenic topography
562101,Doddaballapura Rural,Doddaballapura Corridor,Doddaballapura,Bengaluru Rural,Gram_Panchayat,GP,Revenue_Khata,Rural_Speculative,Agricultural / Speculative,None,STRR_Node_Adjacent,Managed Farmlands / Eco-Resorts / Land Banking,Tier3_Speculative,Low,0,0,0.2,0.8,GP jurisdiction; scenic topography; long-term play; verify DC conversion before acquisition
562102,Devanahalli Town,Devanahalli Aerotropolis,Devanahalli,Bengaluru Rural,CMC / BMRDA,DULT / CMC,A-Khata_CMC,Peripheral_Urban_High_Value,Aerospace / Airport / Tech Parks,Airport_Metro_Planned,STRR_Node,Premium Plotting / Mixed-Use / Hospitality,Tier1_High_Growth,Medium,0,0,1.5,2.8,Airport 7km; Aerospace SEZ; BIAL Aerospace Park; 350% appreciation since 2008; Prestige Brigade active
562106,Attibele 562 series,South-East Periphery,Anekal,Bengaluru Urban,Gram_Panchayat,GP,Revenue_Khata,Industrial_Rural_Fringe,Manufacturing / Logistics / Industrial,None,STRR_Phase2_Node,Industrial Land / Warehousing / Logistics Park,Tier2_Industrial,Medium,0,0,0.5,1.5,Tamil Nadu border; logistics gateway; STRR Phase 2 node; GP title risk; verify before acquisition
562107,Anekal Town,South-East Periphery,Anekal,Bengaluru Urban,CMC / BMRDA,CMC,A-Khata_CMC,Peripheral_Urban,IT Spillover / Manufacturing / Affordable Residential,None,STRR_Phase2,Affordable Apartments / Plotting / Industrial,Tier2_Improving,Medium,3500,6000,0.5,1.8,Chandapura-Anekal corridor; INR 6.5 Cr/acre Chandapura; STRR will transform; improving fast
562109,Sarjapur,South-East Periphery,Anekal,Bengaluru Urban,Gram_Panchayat / BDA,GP / BDA,B-Khata_Converting,Peri_Urban_High_Value,IT Spillover / Luxury Residential,None,20-25km,Premium Apartments / Villas / Branded Plots,Tier1_High_Growth,High,5000,9000,1.0,3.0,Sarjapur Road extension; Prestige and Brigade active; major JDA transactions; B-Khata converting
562110,Devanahalli / Bagalur / BIAL area,Devanahalli Aerotropolis,Devanahalli,Bengaluru Rural,BMRDA / KIADB,DULT,A-Khata,Peripheral_High_Value,Aerotropolis / Tech Parks / Premium Residential,Airport_Metro_Planned,STRR_Node,Ultra-Premium Plots / Villa Communities / Mixed-Use Townships,Tier1_Apex_Growth,Medium,0,0,1.5,2.8,350% appreciation since 2008; Total Environment Tangled Up in Green here; airport 5km; NRI and HNI epicentre
562111,Doddaballapura Town alternate,Doddaballapura Corridor,Doddaballapura,Bengaluru Rural,CMC,CMC,A-Khata_CMC,Peripheral_Urban,Apparel / Industrial / Residential,None,STRR_Node,Affordable Plotting / Industrial,Tier2_Improving,Low,0,0,0.8,1.5,STRR node; apparel park; second-home potential; improving
562112,Nelamangala Town,Nelamangala Corridor,Nelamangala,Bengaluru Rural,CMC / BMRDA,CMC,A-Khata_CMC,Peripheral_Urban,Heavy Industrial / Logistics / NH-48,None,STRR_Node,Budget Plotting / Industrial Land / Warehousing,Tier2_Industrial,Medium,2000,5000,0.5,1.5,NH-48 Mumbai highway; STRR node; institutional warehousing target; INR 2000-5000 psf plots
562113,Nelamangala Rural,Nelamangala Corridor,Nelamangala,Bengaluru Rural,Gram_Panchayat,GP,Revenue_Khata,Rural_Speculative,Agricultural / Speculative / Industrial,None,STRR_Node_Adjacent,Industrial Land Banking / Budget Plots,Tier3_Speculative,Low,0,0,0.1,0.5,GP jurisdiction; long gestation; industrial land banking; verify title carefully
562114,Hoskote Town,Hoskote Logistics Hub,Hoskote,Bengaluru Rural,CMC / BMRDA,CMC,A-Khata_CMC,Peripheral_Urban,Logistics / Auto Manufacturing / NH-4,None,STRR_Node,Warehousing / Industrial / Value Plotting,Tier1_Industrial_Growth,Medium,0,0,1.0,2.5,Chennai highway intersection; STRR Hoskote-Hosur June 2026; e-commerce logistics hub; Prestige land bank here
562115,Hoskote Rural,Hoskote Logistics Hub,Hoskote,Bengaluru Rural,Gram_Panchayat,GP,Revenue_Khata,Rural_Industrial_Fringe,Logistics / Agricultural / Industrial,None,STRR_Node,Industrial Land / Budget Plots / Warehousing,Tier2_Industrial,Medium,0,0,0.3,1.0,STRR adjacent; logistics land banking; GP title risk; verify before acquisition
562117,Magadi Town,South-West Periphery,Magadi,Bengaluru Rural,CMC,CMC,A-Khata_CMC,Peripheral_Rural,Agricultural / Tourism / Speculative,None,STRR_Phase2,Managed Farmlands / Speculative Land / Eco-Resorts,Tier3_Speculative,Low,0,0,0.2,0.8,STRR Phase 2 delays; long gestation; scenic; eco-resort play; 20-80L/acre
562118,Kanakapura Town,South Periphery,Kanakapura,Ramanagara District,CMC,CMC,A-Khata_CMC,Peripheral_Rural,Tourism / Agriculture / Speculative,None,STRR_Phase2,Managed Farmlands / Resort Second Homes / Land Banking,Tier3_Speculative,Low,0,0,0.4,1.29,Ramanagara district; Yellow Line extended endpoint planned; 40L-1.29Cr/acre; long-term appreciation
562119,Ramanagara Town,South-West Periphery,Ramanagara,Ramanagara District,CMC,CMC,A-Khata_CMC,Peripheral_Rural,Silk Industry / Tourism / Speculative,None,STRR_Phase2,Managed Farmlands / Eco-Tourism / Speculative Land,Tier3_Speculative,Low,0,0,0.2,0.6,Silk City; Cauvery River proximity; 20-60L/acre; very long gestation RE play
562120,Channapatna Town,South-West Periphery,Channapatna,Ramanagara District,CMC,CMC,A-Khata_CMC,Peripheral_Rural,Toy Industry / Tourism / Speculative,None,STRR_Phase2,Managed Farmlands / Speculative Land,Tier3_Speculative,Low,0,0,0.15,0.5,GI-tagged toy cluster; outside BMRDA; very long gestation; 15-50L/acre
562121,Devanahalli Rural villages,Devanahalli Aerotropolis Rural,Devanahalli,Bengaluru Rural,Gram_Panchayat / BMRDA,GP,Revenue-B_Khata,Rural_High_Value,Airport Influence / Agricultural / Speculative,Airport_Metro_Planned,STRR_Node,Premium Branded Plots / Land Banking / Farm Estates,Tier1_High_Growth,Medium,0,0,0.8,2.2,Airport corridor appreciation; GP title risk; massive NRI and investor interest; 80L-2.2Cr/acre
562122,Yelahanka 562 / Jakkur,Yelahanka Premium,Yelahanka,Bengaluru Urban,BDA,BBMP,A-Khata,Peri_Urban_High_Value,Airport Proximity / Residential,Phase_2B,8-12km,Premium Plots / Villas / Apartments,Tier1_High_Growth,Medium,5000,9000,1.5,3.5,BDA planned; airport road; strong NRI and investor demand; Green Line Phase 2B
562123,Nelamangala town core,Nelamangala Corridor,Nelamangala,Bengaluru Rural,CMC,CMC,A-Khata_CMC,Peripheral_Urban,Industrial / Logistics / Residential,None,STRR_Node,Budget Plots / Warehousing / Affordable Residential,Tier2_Industrial,Medium,2000,4500,0.5,1.2,NH-48 logistics corridor; STRR node; institutional warehousing target
